ROI_Start,ROI_end,Label
0,8592,'Rest'
8592,9174,'HandOpen'
9174,9453,'HandClose'
10250,10758,'HandOpen'
10758,10902,'HandClose'
11819,12289,'HandOpen'
12289,12606,'HandClose'
13362,13811,'HandOpen'
13811,14108,'HandClose'
14502,14984,'HandOpen'
14984,15154,'HandClose'
16058,16524,'HandOpen'
16524,16720,'HandClose'
17282,17745,'HandOpen'
17745,17937,'HandClose'
18746,19230,'HandOpen'
19230,19471,'HandClose'
9454,10249,'Rest'
10902,11820,'Rest'
12607,13361,'Rest'
14108,14501,'Rest'
15155,16057,'Rest'
16720,17281,'Rest'
17937,18745,'Rest'
19472,27034,'Rest'
